1,01101,札幌市中央区,sapporo_shi_chuo_ku
1,01102,札幌市北区,sapporo_shi_kita_ku
1,01103,札幌市東区,sapporo_shi_higashi_ku
1,01104,札幌市白石区,sapporo_shi_shiroishi_ku
1,01105,札幌市豊平区,sapporo_shi_toyohira_ku
1,01106,札幌市南区,sapporo_shi_minami_ku
1,01107,札幌市西区,sapporo_shi_nishi_ku
1,01108,札幌市厚別区,sapporo_shi_atsubetsu_ku
1,01109,札幌市手稲区,sapporo_shi_teine_ku
1,01110,札幌市清田区,sapporo_shi_kiyota_ku
1,01202,函館市,hakodate_shi
1,01203,小樽市,otaru_shi
1,01204,旭川市,asahikawa_shi
1,01205,室蘭市,muroran_shi
1,01206,釧路市,kushiro_shi
1,01207,帯広市,obihiro_shi
1,01208,北見市,kitami_shi
1,01210,岩見沢市,iwamizawa_shi
1,01211,網走市,abashiri_shi
1,01212,留萌市,rumoi_shi
1,01213,苫小牧市,tomakomai_shi
1,01214,稚内市,wakkanai_shi
1,01215,美唄市,bibai_shi
1,01216,芦別市,ashibetsu_shi
1,01217,江別市,ebetsu_shi
1,01218,赤平市,akabira_shi
1,01219,紋別市,mombetsu_shi
1,01220,士別市,shibetsu_shi
1,01221,名寄市,nayoro_shi
1,01222,三笠市,mikasa_shi
1,01223,根室市,nemuro_shi
1,01224,千歳市,chitose_shi
1,01225,滝川市,takikawa_shi
1,01226,砂川市,sunagawa_shi
1,01228,深川市,fukagawa_shi
1,01229,富良野市,furano_shi
1,01230,登別市,noboribetsu_shi
1,01231,恵庭市,eniwa_shi
1,01233,伊達市,hokkaido_date_shi
1,01234,北広島市,kitahiroshima_shi
1,01235,石狩市,ishikari_shi
1,01236,北斗市,hokkaido_hokuto_shi
1,01303,石狩郡当別町,ishikari_gun_tobetsu_cho
1,01337,亀田郡七飯町,kameda_gun_nanae_cho
1,01345,茅部郡森町,kayabe_gun_mori_machi
1,01346,二海郡八雲町,futami_gun_yakumo_cho
1,01361,檜山郡江差町,hiyama_gun_esashi_cho
1,01364,爾志郡乙部町,nishi_gun_otobe_cho
1,01395,虻田郡ニセコ町,abuta_gun_niseko_cho
1,01398,虻田郡喜茂別町,abuta_gun_kimobetsu_cho
1,01399,虻田郡京極町,abuta_gun_kyogoku_cho
1,01400,虻田郡倶知安町,abuta_gun_kutchan_cho
1,01408,余市郡余市町,yoichi_gun_yoichi_cho
1,01423,空知郡南幌町,sorachi_gun_namporo_cho
1,01424,空知郡奈井江町,sorachi_gun_naie_cho
1,01428,夕張郡長沼町,yubari_gun_naganuma_cho
1,01429,夕張郡栗山町,yubari_gun_kuriyama_cho
1,01432,樺戸郡新十津川町,kabato_gun_shintotsukawa_cho
1,01458,上川郡東川町,kamikawa_gun_higashikawa_cho
1,01459,上川郡美瑛町,kamikawa_gun_biei_cho
1,01460,空知郡上富良野町,sorachi_gun_kamifurano_cho
1,01461,空知郡中富良野町,sorachi_gun_nakafurano_cho
1,01484,苫前郡羽幌町,tomamae_gun_haboro_cho
1,01543,網走郡美幌町,abashiri_gun_bihoro_cho
1,01545,斜里郡斜里町,shari_gun_shari_cho
1,01555,紋別郡遠軽町,mombetsu_gun_engaru_cho
1,01564,網走郡大空町,abashiri_gun_ozora_cho
1,01578,白老郡白老町,shiraoi_gun_shiraoi_cho
1,01585,勇払郡安平町,yufutsu_gun_abira_cho
1,01601,沙流郡日高町,saru_gun_hidaka_cho
1,01610,日高郡新ひだか町,hidaka_gun_shinhidaka_cho
1,01631,河東郡音更町,kato_gun_otofuke_cho
1,01636,上川郡清水町,kamikawa_gun_shimizu_cho
1,01637,河西郡芽室町,kasai_gun_memuro_cho
1,01639,河西郡更別村,kasai_gun_sarabetsu_mura
1,01643,中川郡幕別町,nakagawa_gun_makubetsu_cho
1,01644,中川郡池田町,nakagawa_gun_ikeda_cho
1,01661,釧路郡釧路町,kushiro_gun_kushiro_cho
1,01664,川上郡標茶町,kawakami_gun_shibecha_cho
1,01668,白糠郡白糠町,shiranuka_gun_shiranuka_cho
1,01692,標津郡中標津町,shibetsu_gun_nakashibetsu_cho
2,02201,青森市,aomori_shi
2,02202,弘前市,hirosaki_shi
2,02203,八戸市,hachinohe_shi
2,02204,黒石市,kuroishi_shi
2,02205,五所川原市,goshogawara_shi
2,02206,十和田市,towada_shi
2,02207,三沢市,misawa_shi
2,02208,むつ市,mutsu_shi
2,02209,つがる市,tsugaru_shi
2,02210,平川市,hirakawa_shi
2,02301,東津軽郡平内町,higashitsugaru_gun_hiranai_machi
2,02321,西津軽郡鰺ヶ沢町,nishitsugaru_gun_ajigasawa_machi
2,02361,南津軽郡藤崎町,minamitsugaru_gun_fujisaki_machi
2,02362,南津軽郡大鰐町,minamitsugaru_gun_owani_machi
2,02381,北津軽郡板柳町,kitatsugaru_gun_itayanagi_machi
2,02401,上北郡野辺地町,kamikita_gun_noheji_machi
2,02402,上北郡七戸町,kamikita_gun_shichinohe_machi
2,02406,上北郡横浜町,kamikita_gun_yokohama_machi
2,02408,上北郡東北町,kamikita_gun_tohoku_machi
2,02411,上北郡六ヶ所村,kamikita_gun_rokkasho_mura
2,02412,上北郡おいらせ町,kamikita_gun_oirase_cho
2,02423,下北郡大間町,shimokita_gun_oma_machi
2,02442,三戸郡五戸町,sannohe_gun_gonohe_machi
2,02446,三戸郡階上町,sannohe_gun_hashikami_cho
3,03201,盛岡市,morioka_shi
3,03202,宮古市,miyako_shi
3,03203,大船渡市,ofunato_shi
3,03205,花巻市,hanamaki_shi
3,03206,北上市,kitakami_shi
3,03207,久慈市,kuji_shi
3,03208,遠野市,tono_shi
3,03209,一関市,ichinoseki_shi
3,03210,陸前高田市,rikuzentakata_shi
3,03211,釜石市,kamaishi_shi
3,03213,二戸市,ninohe_shi
3,03214,八幡平市,hachimantai_shi
3,03215,奥州市,oshu_shi
3,03216,滝沢市,takizawa_shi
3,03301,岩手郡雫石町,iwate_gun_shizukuishi_cho
3,03303,岩手郡岩手町,iwate_gun_iwate_machi
3,03321,紫波郡紫波町,shiwa_gun_shiwa_cho
3,03322,紫波郡矢巾町,shiwa_gun_yahaba_cho
3,03381,胆沢郡金ケ崎町,isawa_gun_kanegasaki_cho
3,03402,西磐井郡平泉町,nishiiwai_gun_hiraizumi_cho
3,03441,気仙郡住田町,kesen_gun_sumita_cho
3,03461,上閉伊郡大槌町,kamihei_gun_otsuchi_cho
3,03482,下閉伊郡山田町,shimohei_gun_yamada_machi
3,03507,九戸郡洋野町,kunohe_gun_hirono_cho
4,04101,仙台市青葉区,sendai_shi_aoba_ku
4,04102,仙台市宮城野区,sendai_shi_miyagino_ku
4,04103,仙台市若林区,sendai_shi_wakabayashi_ku
4,04104,仙台市太白区,sendai_shi_taihaku_ku
4,04105,仙台市泉区,sendai_shi_izumi_ku
4,04202,石巻市,ishinomaki_shi
4,04203,塩竈市,shiogama_shi
4,04205,気仙沼市,kesennuma_shi
4,04206,白石市,shiroishi_shi
4,04207,名取市,natori_shi
4,04208,角田市,kakuda_shi
4,04209,多賀城市,tagajo_shi
4,04211,岩沼市,iwanuma_shi
4,04212,登米市,tome_shi
4,04213,栗原市,kurihara_shi
4,04214,東松島市,higashimatsushima_shi
4,04215,大崎市,osaki_shi
4,04301,刈田郡蔵王町,katta_gun_zao_machi
4,04321,柴田郡大河原町,shibata_gun_ogawara_machi
4,04322,柴田郡村田町,shibata_gun_murata_machi
4,04323,柴田郡柴田町,shibata_gun_shibata_machi
4,04324,柴田郡川崎町,shibata_gun_kawasaki_machi
4,04361,亘理郡亘理町,watari_gun_watari_cho
4,04362,亘理郡山元町,watari_gun_yamamoto_cho
4,04401,宮城郡松島町,miyagi_gun_matsushima_machi
4,04404,宮城郡七ヶ浜町,miyagi_gun_shichigahama_machi
4,04406,宮城郡利府町,miyagi_gun_rifu_cho
4,04421,黒川郡大和町,kurokawa_gun_taiwa_cho
4,04423,黒川郡富谷町,kurokawa_gun_tomiya_machi
4,04445,加美郡加美町,kami_gun_kami_machi
4,04501,遠田郡涌谷町,toda_gun_wakuya_cho
4,04505,遠田郡美里町,toda_gun_misato_machi
5,05201,秋田市,akita_shi
5,05202,能代市,noshiro_shi
5,05203,横手市,yokote_shi
5,05204,大館市,odate_shi
5,05206,男鹿市,oga_shi
5,05207,湯沢市,yuzawa_shi
5,05209,鹿角市,kazuno_shi
5,05210,由利本荘市,yurihonjo_shi
5,05211,潟上市,katagami_shi
5,05212,大仙市,daisen_shi
5,05213,北秋田市,kitaakita_shi
5,05214,にかほ市,nikaho_shi
5,05215,仙北市,semboku_shi
5,05348,山本郡三種町,yamamoto_gun_mitane_cho
5,05361,南秋田郡五城目町,minamiakita_gun_gojome_machi
5,05363,南秋田郡八郎潟町,minamiakita_gun_hachirogata_machi
5,05434,仙北郡美郷町,semboku_gun_misato_cho
5,05463,雄勝郡羽後町,ogachi_gun_ugo_machi
6,06201,山形市,yamagata_shi
6,06202,米沢市,yonezawa_shi
6,06203,鶴岡市,tsuruoka_shi
6,06204,酒田市,sakata_shi
6,06205,新庄市,shinjo_shi
6,06206,寒河江市,sagae_shi
6,06207,上山市,kaminoyama_shi
6,06208,村山市,murayama_shi
6,06209,長井市,nagai_shi
6,06210,天童市,tendo_shi
6,06211,東根市,higashine_shi
6,06212,尾花沢市,obanazawa_shi
6,06213,南陽市,nanyo_shi
6,06301,東村山郡山辺町,higashimurayama_gun_yamanobe_machi
6,06302,東村山郡中山町,higashimurayama_gun_nakayama_machi
6,06321,西村山郡河北町,nishimurayama_gun_kahoku_cho
6,06381,東置賜郡高畠町,higashiokitama_gun_takahata_machi
6,06382,東置賜郡川西町,higashiokitama_gun_kawanishi_machi
6,06426,東田川郡三川町,higashitagawa_gun_mikawa_machi
6,06428,東田川郡庄内町,higashitagawa_gun_shonai_machi
7,07201,福島市,fukushima_shi
7,07202,会津若松市,aizuwakamatsu_shi
7,07203,郡山市,koriyama_shi
7,07204,いわき市,iwaki_shi
7,07205,白河市,shirakawa_shi
7,07207,須賀川市,sukagawa_shi
7,07208,喜多方市,kitakata_shi
7,07209,相馬市,soma_shi
7,07210,二本松市,nihommatsu_shi
7,07211,田村市,tamura_shi
7,07212,南相馬市,minamisoma_shi
7,07213,伊達市,fukushima_date_shi
7,07214,本宮市,motomiya_shi
7,07301,伊達郡桑折町,date_gun_kori_machi
7,07303,伊達郡国見町,date_gun_kunimi_machi
7,07308,伊達郡川俣町,date_gun_kawamata_machi
7,07322,安達郡大玉村,adachi_gun_otama_mura
7,07342,岩瀬郡鏡石町,iwase_gun_kagamiishi_machi
7,07362,南会津郡下郷町,minamiaizu_gun_shimogo_machi
7,07368,南会津郡南会津町,minamiaizu_gun_minamiaizu_machi
7,07408,耶麻郡猪苗代町,yama_gun_inawashiro_machi
7,07421,河沼郡会津坂下町,kawanuma_gun_aizubange_machi
7,07447,大沼郡会津美里町,onuma_gun_aizumisato_machi
7,07461,西白河郡西郷村,nishishirakawa_gun_nishigo_mura
7,07464,西白河郡泉崎村,nishishirakawa_gun_izumizaki_mura
7,07466,西白河郡矢吹町,nishishirakawa_gun_yabuki_machi
7,07481,東白川郡棚倉町,higashishirakawa_gun_tanagura_machi
7,07483,東白川郡塙町,higashishirakawa_gun_hanawa_machi
7,07501,石川郡石川町,ishikawa_gun_ishikawa_machi
7,07502,石川郡玉川村,ishikawa_gun_tamakawa_mura
7,07504,石川郡浅川町,ishikawa_gun_asakawa_machi
7,07521,田村郡三春町,tamura_gun_miharu_machi
7,07522,田村郡小野町,tamura_gun_ono_machi
7,07541,双葉郡広野町,futaba_gun_hirono_machi
7,07543,双葉郡富岡町,futaba_gun_tomioka_machi
7,07545,双葉郡大熊町,futaba_gun_okuma_machi
7,07546,双葉郡双葉町,futaba_gun_futaba_machi
7,07547,双葉郡浪江町,futaba_gun_namie_machi
7,07561,相馬郡新地町,soma_gun_shinchi_machi
8,08201,水戸市,mito_shi
8,08202,日立市,hitachi_shi
8,08203,土浦市,tsuchiura_shi
8,08204,古河市,ibaraki_koga_shi
8,08205,石岡市,ishioka_shi
8,08207,結城市,yuki_shi
8,08208,龍ケ崎市,ryugasaki_shi
8,08210,下妻市,shimotsuma_shi
8,08211,常総市,joso_shi
8,08212,常陸太田市,hitachiota_shi
8,08214,高萩市,takahagi_shi
8,08215,北茨城市,kitaibaraki_shi
8,08216,笠間市,kasama_shi
8,08217,取手市,toride_shi
8,08219,牛久市,ushiku_shi
8,08220,つくば市,tsukuba_shi
8,08221,ひたちなか市,hitachinaka_shi
8,08222,鹿嶋市,kashima_shi
8,08223,潮来市,itako_shi
8,08224,守谷市,moriya_shi
8,08225,常陸大宮市,hitachiomiya_shi
8,08226,那珂市,naka_shi
8,08227,筑西市,chikusei_shi
8,08228,坂東市,bando_shi
8,08229,稲敷市,inashiki_shi
8,08230,かすみがうら市,kasumigaura_shi
8,08231,桜川市,sakuragawa_shi
8,08232,神栖市,kamisu_shi
8,08233,行方市,namegata_shi
8,08234,鉾田市,hokota_shi
8,08235,つくばみらい市,tsukubamirai_shi
8,08236,小美玉市,omitama_shi
8,08302,東茨城郡茨城町,higashiibaraki_gun_ibaraki_machi
8,08309,東茨城郡大洗町,higashiibaraki_gun_oarai_machi
8,08310,東茨城郡城里町,higashiibaraki_gun_shirosato_machi
8,08341,那珂郡東海村,naka_gun_tokai_mura
8,08364,久慈郡大子町,kuji_gun_daigo_machi
8,08442,稲敷郡美浦村,inashiki_gun_miho_mura
8,08443,稲敷郡阿見町,inashiki_gun_ami_machi
8,08447,稲敷郡河内町,inashiki_gun_kawachi_machi
8,08521,結城郡八千代町,yuki_gun_yachiyo_machi
8,08542,猿島郡五霞町,sashima_gun_goka_machi
8,08546,猿島郡境町,sashima_gun_sakai_machi
8,08564,北相馬郡利根町,kitasoma_gun_tone_machi
9,09201,宇都宮市,utsunomiya_shi
9,09202,足利市,ashikaga_shi
9,09203,栃木市,tochigi_shi
9,09204,佐野市,sano_shi
9,09205,鹿沼市,kanuma_shi
9,09206,日光市,nikko_shi
9,09208,小山市,oyama_shi
9,09209,真岡市,moka_shi
9,09210,大田原市,otawara_shi
9,09211,矢板市,yaita_shi
9,09213,那須塩原市,nasushiobara_shi
9,09214,さくら市,tochigi_sakura_shi
9,09215,那須烏山市,nasukarasuyama_shi
9,09216,下野市,shimotsuke_shi
9,09301,河内郡上三川町,kawachi_gun_kaminokawa_machi
9,09342,芳賀郡益子町,haga_gun_mashiko_machi
9,09343,芳賀郡茂木町,haga_gun_motegi_machi
9,09344,芳賀郡市貝町,haga_gun_ichikai_machi
9,09345,芳賀郡芳賀町,haga_gun_haga_machi
9,09361,下都賀郡壬生町,shimotsuga_gun_mibu_machi
9,09364,下都賀郡野木町,shimotsuga_gun_nogi_machi
9,09367,下都賀郡岩舟町,shimotsuga_gun_iwafune_machi
9,09384,塩谷郡塩谷町,shioya_gun_shioya_machi
9,09386,塩谷郡高根沢町,shioya_gun_takanezawa_machi
9,09407,那須郡那須町,nasu_gun_nasu_machi
9,09411,那須郡那珂川町,nasu_gun_nakagawa_machi
10,10201,前橋市,maebashi_shi
10,10202,高崎市,takasaki_shi
10,10203,桐生市,kiryu_shi
10,10204,伊勢崎市,isesaki_shi
10,10205,太田市,ota_shi
10,10206,沼田市,numata_shi
10,10207,館林市,tatebayashi_shi
10,10208,渋川市,shibukawa_shi
10,10209,藤岡市,fujioka_shi
10,10210,富岡市,tomioka_shi
10,10211,安中市,annaka_shi
10,10212,みどり市,midori_shi
10,10344,北群馬郡榛東村,kitagumma_gun_shinto_mura
10,10345,北群馬郡吉岡町,kitagumma_gun_yoshioka_machi
10,10384,甘楽郡甘楽町,kanra_gun_kanra_machi
10,10421,吾妻郡中之条町,agatsuma_gun_nakanojo_machi
10,10424,吾妻郡長野原町,agatsuma_gun_naganohara_machi
10,10425,吾妻郡嬬恋村,agatsuma_gun_tsumagoi_mura
10,10426,吾妻郡草津町,agatsuma_gun_kusatsu_machi
10,10428,吾妻郡高山村,agatsuma_gun_takayama_mura
10,10429,吾妻郡東吾妻町,agatsuma_gun_higashiagatsuma_machi
10,10449,利根郡みなかみ町,tone_gun_minakami_machi
10,10464,佐波郡玉村町,sawa_gun_tamamura_machi
10,10521,邑楽郡板倉町,ora_gun_itakura_machi
10,10522,邑楽郡明和町,ora_gun_meiwa_machi
10,10523,邑楽郡千代田町,ora_gun_chiyoda_machi
10,10524,邑楽郡大泉町,ora_gun_oizumi_machi
10,10525,邑楽郡邑楽町,ora_gun_ora_machi
11,11101,さいたま市西区,saitama_shi_nishi_ku
11,11102,さいたま市北区,saitama_shi_kita_ku
11,11103,さいたま市大宮区,saitama_shi_omiya_ku
11,11104,さいたま市見沼区,saitama_shi_minuma_ku
11,11105,さいたま市中央区,saitama_shi_chuo_ku
11,11106,さいたま市桜区,saitama_shi_sakura_ku
11,11107,さいたま市浦和区,saitama_shi_urawa_ku
11,11108,さいたま市南区,saitama_shi_minami_ku
11,11109,さいたま市緑区,saitama_shi_midori_ku
11,11110,さいたま市岩槻区,saitama_shi_iwatsuki_ku
11,11201,川越市,kawagoe_shi
11,11202,熊谷市,kumagaya_shi
11,11203,川口市,kawaguchi_shi
11,11206,行田市,gyoda_shi
11,11207,秩父市,chichibu_shi
11,11208,所沢市,tokorozawa_shi
11,11209,飯能市,hanno_shi
11,11210,加須市,kazo_shi
11,11211,本庄市,honjo_shi
11,11212,東松山市,higashimatsuyama_shi
11,11214,春日部市,kasukabe_shi
11,11215,狭山市,sayama_shi
11,11216,羽生市,hanyu_shi
11,11217,鴻巣市,konosu_shi
11,11218,深谷市,fukaya_shi
11,11219,上尾市,ageo_shi
11,11221,草加市,soka_shi
11,11222,越谷市,koshigaya_shi
11,11223,蕨市,warabi_shi
11,11224,戸田市,toda_shi
11,11225,入間市,iruma_shi
11,11227,朝霞市,asaka_shi
11,11228,志木市,shiki_shi
11,11229,和光市,wako_shi
11,11230,新座市,niiza_shi
11,11231,桶川市,okegawa_shi
11,11232,久喜市,kuki_shi
11,11233,北本市,kitamoto_shi
11,11234,八潮市,yashio_shi
11,11235,富士見市,fujimi_shi
11,11237,三郷市,misato_shi
11,11238,蓮田市,hasuda_shi
11,11239,坂戸市,sakado_shi
11,11240,幸手市,satte_shi
11,11241,鶴ヶ島市,tsurugashima_shi
11,11242,日高市,hidaka_shi
11,11243,吉川市,yoshikawa_shi
11,11245,ふじみ野市,fujimino_shi
11,11246,白岡市,shiraoka_shi
11,11301,北足立郡伊奈町,kitaadachi_gun_ina_machi
11,11324,入間郡三芳町,iruma_gun_miyoshi_machi
11,11326,入間郡毛呂山町,iruma_gun_moroyama_machi
11,11327,入間郡越生町,iruma_gun_ogose_machi
11,11341,比企郡滑川町,hiki_gun_namegawa_machi
11,11342,比企郡嵐山町,hiki_gun_ranzan_machi
11,11343,比企郡小川町,hiki_gun_ogawa_machi
11,11346,比企郡川島町,hiki_gun_kawajima_machi
11,11347,比企郡吉見町,hiki_gun_yoshimi_machi
11,11348,比企郡鳩山町,hiki_gun_hatoyama_machi
11,11361,秩父郡横瀬町,chichibu_gun_yokoze_machi
11,11362,秩父郡皆野町,chichibu_gun_minano_machi
11,11363,秩父郡長瀞町,chichibu_gun_nagatoro_machi
11,11381,児玉郡美里町,kodama_gun_misato_machi
11,11383,児玉郡神川町,kodama_gun_kamikawa_machi
11,11385,児玉郡上里町,kodama_gun_kamisato_machi
11,11408,大里郡寄居町,osato_gun_yorii_machi
11,11442,南埼玉郡宮代町,minamisaitama_gun_miyashiro_machi
11,11464,北葛飾郡杉戸町,kitakatsushika_gun_sugito_machi
11,11465,北葛飾郡松伏町,kitakatsushika_gun_matsubushi_machi
12,12101,千葉市中央区,chiba_shi_chuo_ku
12,12102,千葉市花見川区,chiba_shi_hanamigawa_ku
12,12103,千葉市稲毛区,chiba_shi_inage_ku
12,12104,千葉市若葉区,chiba_shi_wakaba_ku
12,12105,千葉市緑区,chiba_shi_midori_ku
12,12106,千葉市美浜区,chiba_shi_mihama_ku
12,12202,銚子市,choshi_shi
12,12203,市川市,ichikawa_shi
12,12204,船橋市,funabashi_shi
12,12205,館山市,tateyama_shi
12,12206,木更津市,kisarazu_shi
12,12207,松戸市,matsudo_shi
12,12208,野田市,noda_shi
12,12210,茂原市,mobara_shi
12,12211,成田市,narita_shi
12,12212,佐倉市,sakura_shi
12,12213,東金市,togane_shi
12,12215,旭市,asahi_shi
12,12216,習志野市,narashino_shi
12,12217,柏市,kashiwa_shi
12,12218,勝浦市,katsura_shi
12,12219,市原市,ichihara_shi
12,12220,流山市,nagareyama_shi
12,12221,八千代市,yachiyo_shi
12,12222,我孫子市,abiko_shi
12,12223,鴨川市,kamogawa_shi
12,12224,鎌ケ谷市,kamagaya_shi
12,12225,君津市,kimitsu_shi
12,12226,富津市,futtsu_shi
12,12227,浦安市,urayasu_shi
12,12228,四街道市,yotsukaido_shi
12,12229,袖ケ浦市,sodegaura_shi
12,12230,八街市,yachimata_shi
12,12231,印西市,inzai_shi
12,12232,白井市,shiroi_shi
12,12233,富里市,tomisato_shi
12,12234,南房総市,minamiboso_shi
12,12235,匝瑳市,sosa_shi
12,12236,香取市,katori_shi
12,12237,山武市,sammu_shi
12,12238,いすみ市,isumi_shi
12,12239,大網白里市,oamishirasato_shi
12,12322,印旛郡酒々井町,imba_gun_shisui_machi
12,12329,印旛郡栄町,imba_gun_sakae_machi
12,12342,香取郡神崎町,katori_gun_kozaki_machi
12,12347,香取郡多古町,katori_gun_tako_machi
12,12349,香取郡東庄町,katori_gun_tonosho_machi
12,12403,山武郡九十九里町,sambu_gun_kujukuri_machi
12,12409,山武郡芝山町,sambu_gun_shibayama_machi
12,12410,山武郡横芝光町,sambu_gun_yokoshibahikari_machi
12,12421,長生郡一宮町,chosei_gun_ichinomiya_machi
12,12423,長生郡長生村,chosei_gun_chosei_mura
12,12424,長生郡白子町,chosei_gun_shirako_machi
12,12426,長生郡長柄町,chosei_gun_nagara_machi
12,12427,長生郡長南町,chosei_gun_chonan_machi
12,12441,夷隅郡大多喜町,isumi_gun_otaki_machi
12,12443,夷隅郡御宿町,isumi_gun_onjuku_machi
12,12463,安房郡鋸南町,awa_gun_kyonan_machi
13,13101,千代田区,chiyoda_ku
13,13102,中央区,chuo_ku
13,13103,港区,minato_ku
13,13104,新宿区,shinjuku_ku
13,13105,文京区,bunkyo_ku
13,13106,台東区,taito_ku
13,13107,墨田区,sumida_ku
13,13108,江東区,koto_ku
13,13109,品川区,shinagawa_ku
13,13110,目黒区,meguro_ku
13,13111,大田区,ota_ku
13,13112,世田谷区,setagaya_ku
13,13113,渋谷区,shibuya_ku
13,13114,中野区,nakano_ku
13,13115,杉並区,suginami_ku
13,13116,豊島区,toshima_ku
13,13117,北区,kita_ku
13,13118,荒川区,arakawa_ku
13,13119,板橋区,itabashi_ku
13,13120,練馬区,nerima_ku
13,13121,足立区,adachi_ku
13,13122,葛飾区,katsushika_ku
13,13123,江戸川区,edogawa_ku
13,13201,八王子市,hachioji_shi
13,13202,立川市,tachikawa_shi
13,13203,武蔵野市,musashino_shi
13,13204,三鷹市,mitaka_shi
13,13205,青梅市,ome_shi
13,13206,府中市,fuchu_shi
13,13207,昭島市,akishima_shi
13,13208,調布市,chofu_shi
13,13209,町田市,machida_shi
13,13210,小金井市,koganei_shi
13,13211,小平市,kodaira_shi
13,13212,日野市,hino_shi
13,13213,東村山市,higashimurayama_shi
13,13214,国分寺市,kokubunji_shi
13,13215,国立市,kunitachi_shi
13,13218,福生市,fussa_shi
13,13219,狛江市,komae_shi
13,13220,東大和市,higashiyamato_shi
13,13221,清瀬市,kiyose_shi
13,13222,東久留米市,higashikurume_shi
13,13223,武蔵村山市,musashimurayama_shi
13,13224,多摩市,tama_shi
13,13225,稲城市,inagi_shi
13,13227,羽村市,hamura_shi
13,13228,あきる野市,akiruno_shi
13,13229,西東京市,nishitokyo_shi
13,13303,西多摩郡瑞穂町,nishitama_gun_mizuho_machi
13,13305,西多摩郡日の出町,nishitama_gun_hinode_machi
13,13308,西多摩郡奥多摩町,nishitama_gun_okutama_machi
14,14101,横浜市鶴見区,yokohama_shi_tsurumi_ku
14,14102,横浜市神奈川区,yokohama_shi_kanagawa_ku
14,14103,横浜市西区,yokohama_shi_nishi_ku
14,14104,横浜市中区,yokohama_shi_naka_ku
14,14105,横浜市南区,yokohama_shi_minami_ku
14,14106,横浜市保土ケ谷区,yokohama_shi_hodogaya_ku
14,14107,横浜市磯子区,yokohama_shi_isogo_ku
14,14108,横浜市金沢区,yokohama_shi_kanazawa_ku
14,14109,横浜市港北区,yokohama_shi_kohoku_ku
14,14110,横浜市戸塚区,yokohama_shi_totsuka_ku
14,14111,横浜市港南区,yokohama_shi_konan_ku
14,14112,横浜市旭区,yokohama_shi_asahi_ku
14,14113,横浜市緑区,yokohama_shi_midori_ku
14,14114,横浜市瀬谷区,yokohama_shi_seya_ku
14,14115,横浜市栄区,yokohama_shi_sakae_ku
14,14116,横浜市泉区,yokohama_shi_izumi_ku
14,14117,横浜市青葉区,yokohama_shi_aoba_ku
14,14118,横浜市都筑区,yokohama_shi_tsuzuki_ku
14,14131,川崎市川崎区,kawasaki_shi_kawasaki_ku
14,14132,川崎市幸区,kawasaki_shi_saiwai_ku
14,14133,川崎市中原区,kawasaki_shi_nakahara_ku
14,14134,川崎市高津区,kawasaki_shi_takatsu_ku
14,14135,川崎市多摩区,kawasaki_shi_tama_ku
14,14136,川崎市宮前区,kawasaki_shi_miyamae_ku
14,14137,川崎市麻生区,kawasaki_shi_asao_ku
14,14151,相模原市緑区,sagamihara_shi_midori_ku
14,14152,相模原市中央区,sagamihara_shi_chuo_ku
14,14153,相模原市南区,sagamihara_shi_minami_ku
14,14201,横須賀市,yokosuka_shi
14,14203,平塚市,hiratsuka_shi
14,14204,鎌倉市,kamakura_shi
14,14205,藤沢市,fujisawa_shi
14,14206,小田原市,odawara_shi
14,14207,茅ヶ崎市,chigasaki_shi
14,14208,逗子市,zushi_shi
14,14210,三浦市,miura_shi
14,14211,秦野市,hadano_shi
14,14212,厚木市,atsugi_shi
14,14213,大和市,yamato_shi
14,14214,伊勢原市,isehara_shi
14,14215,海老名市,ebina_shi
14,14216,座間市,zama_shi
14,14217,南足柄市,minamiashigara_shi
14,14218,綾瀬市,ayase_shi
14,14301,三浦郡葉山町,miura_gun_hayama_machi
14,14321,高座郡寒川町,koza_gun_samukawa_machi
14,14341,中郡大磯町,naka_gun_oiso_machi
14,14342,中郡二宮町,naka_gun_ninomiya_machi
14,14361,足柄上郡中井町,ashigarakami_gun_nakai_machi
14,14362,足柄上郡大井町,ashigarakami_gun_oi_machi
14,14363,足柄上郡松田町,ashigarakami_gun_matsuda_machi
14,14364,足柄上郡山北町,ashigarakami_gun_yamakita_machi
14,14366,足柄上郡開成町,ashigarakami_gun_kaisei_machi
14,14382,足柄下郡箱根町,ashigarashimo_gun_hakone_machi
14,14383,足柄下郡真鶴町,ashigarashimo_gun_manazuru_machi
14,14384,足柄下郡湯河原町,ashigarashimo_gun_yugawara_machi
14,14401,愛甲郡愛川町,aiko_gun_aikawa_machi
14,14402,愛甲郡清川村,aiko_gun_kiyokawa_mura
15,15101,新潟市北区,niigata_shi_kita_ku
15,15102,新潟市東区,niigata_shi_higashi_ku
15,15103,新潟市中央区,niigata_shi_chuo_ku
15,15104,新潟市江南区,niigata_shi_konan_ku
15,15105,新潟市秋葉区,niigata_shi_akiha_ku
15,15106,新潟市南区,niigata_shi_minami_ku
15,15107,新潟市西区,niigata_shi_nishi_ku
15,15108,新潟市西蒲区,niigata_shi_nishikan_ku
15,15202,長岡市,nagaoka_shi
15,15204,三条市,sanjo_shi
15,15205,柏崎市,kashiwazaki_shi
15,15206,新発田市,shibata_shi
15,15208,小千谷市,ojiya_shi
15,15209,加茂市,kamo_shi
15,15210,十日町市,tokamachi_shi
15,15211,見附市,mitsuke_shi
15,15212,村上市,murakami_shi
15,15213,燕市,tsubame_shi
15,15216,糸魚川市,itoigawa_shi
15,15217,妙高市,myoko_shi
15,15218,五泉市,gosen_shi
15,15222,上越市,joetsu_shi
15,15223,阿賀野市,agano_shi
15,15224,佐渡市,sado_shi
15,15225,魚沼市,uonuma_shi
15,15226,南魚沼市,minamiuonuma_shi
15,15227,胎内市,tainai_shi
15,15307,北蒲原郡聖籠町,kitakambara_gun_seiro_machi
15,15342,西蒲原郡弥彦村,nishikambara_gun_yahiko_mura
15,15361,南蒲原郡田上町,minamikambara_gun_tagami_machi
15,15461,南魚沼郡湯沢町,minamiuonuma_gun_yuzawa_machi
15,15504,刈羽郡刈羽村,kariwa_gun_kariwa_mura
16,16201,富山市,toyama_shi
16,16202,高岡市,takaoka_shi
16,16204,魚津市,uozu_shi
16,16205,氷見市,himi_shi
16,16206,滑川市,namerikawa_shi
16,16207,黒部市,kurobe_shi
16,16208,砺波市,tonami_shi
16,16209,小矢部市,oyabe_shi
16,16210,南砺市,nanto_shi
16,16211,射水市,imizu_shi
16,16321,中新川郡舟橋村,nakaniikawa_gun_funahashi_mura
16,16322,中新川郡上市町,nakaniikawa_gun_kamiichi_machi
16,16323,中新川郡立山町,nakaniikawa_gun_tateyama_machi
16,16342,下新川郡入善町,shimoniikawa_gun_nyuzen_machi
17,17201,金沢市,kanazawa_shi
17,17202,七尾市,nanao_shi
17,17203,小松市,komatsu_shi
17,17204,輪島市,wajima_shi
17,17206,加賀市,kaga_shi
17,17207,羽咋市,hakui_shi
17,17209,かほく市,kahoku_shi
17,17210,白山市,hakusan_shi
17,17211,能美市,nomi_shi
17,17212,野々市市,nonoichi_shi
17,17324,能美郡川北町,nomi_gun_kawakita_machi
17,17361,河北郡津幡町,kahoku_gun_tsubata_machi
17,17365,河北郡内灘町,kahoku_gun_uchinada_machi
17,17384,羽咋郡志賀町,hakui_gun_shika_machi
17,17386,羽咋郡宝達志水町,hakui_gun_hodatsushimizu_cho
17,17407,鹿島郡中能登町,kashima_gun_nakanoto_machi
17,17461,鳳珠郡穴水町,hosu_gun_anamizu_machi
18,18201,福井市,fukui_shi
18,18202,敦賀市,tsuruga_shi
18,18204,小浜市,obama_shi
18,18205,大野市,fukui_ono_shi
18,18206,勝山市,katsuyama_shi
18,18207,鯖江市,sabae_shi
18,18208,あわら市,awara_shi
18,18209,越前市,echizen_shi
18,18210,坂井市,sakai_shi
18,18322,吉田郡永平寺町,yoshida_gun_eiheiji_cho
18,18423,丹生郡越前町,nyu_gun_echizen_cho
18,18442,三方郡美浜町,mikata_gun_mihama_cho
18,18481,大飯郡高浜町,oi_gun_takahama_cho
18,18483,大飯郡おおい町,oi_gun_oi_cho
18,18501,三方上中郡若狭町,mikatakaminaka_gun_wakasa_cho
19,19201,甲府市,kofu_shi
19,19202,富士吉田市,fujiyoshida_shi
19,19204,都留市,tsuru_shi
19,19205,山梨市,yamanashi_shi
19,19206,大月市,otsuki_shi
19,19207,韮崎市,nirasaki_shi
19,19208,南アルプス市,minamiarupusu_shi
19,19209,北杜市,yamanashi_hokuto_shi
19,19210,甲斐市,kai_shi
19,19211,笛吹市,fuefuki_shi
19,19212,上野原市,uenohara_shi
19,19213,甲州市,koshu_shi
19,19214,中央市,chuo_shi
19,19346,西八代郡市川三郷町,nishiyatsushiro_gun_ichikawamisato_cho
19,19365,南巨摩郡身延町,minamikoma_gun_minobu_cho
19,19368,南巨摩郡富士川町,minamikoma_gun_fujikawa_cho
19,19384,中巨摩郡昭和町,nakakoma_gun_showa_cho
19,19423,南都留郡西桂町,minamitsuru_gun_nishikatsura_cho
19,19424,南都留郡忍野村,minamitsuru_gun_oshino_mura
19,19425,南都留郡山中湖村,minamitsuru_gun_yamanakako_mura
19,19430,南都留郡富士河口湖町,minamitsuru_gun_fujikawaguchiko_machi
20,20201,長野市,nagano_shi
20,20202,松本市,matsumoto_shi
20,20203,上田市,ueda_shi
20,20204,岡谷市,okaya_shi
20,20205,飯田市,iida_shi
20,20206,諏訪市,suwa_shi
20,20207,須坂市,suzaka_shi
20,20208,小諸市,komoro_shi
20,20209,伊那市,ina_shi
20,20210,駒ヶ根市,komagane_shi
20,20211,中野市,nakano_shi
20,20212,大町市,omachi_shi
20,20213,飯山市,iiyama_shi
20,20214,茅野市,chino_shi
20,20215,塩尻市,shiojiri_shi
20,20217,佐久市,saku_shi
20,20218,千曲市,chikuma_shi
20,20219,東御市,tomi_shi
20,20220,安曇野市,azumino_shi
20,20303,南佐久郡小海町,minamisaku_gun_komi_machi
20,20309,南佐久郡佐久穂町,minamisaku_gun_sakuho_machi
20,20321,北佐久郡軽井沢町,kitasaku_gun_karuizawa_machi
20,20323,北佐久郡御代田町,kitasaku_gun_miyota_machi
20,20324,北佐久郡立科町,kitasaku_gun_tateshina_machi
20,20361,諏訪郡下諏訪町,suwa_gun_shimosuwa_machi
20,20362,諏訪郡富士見町,suwa_gun_fujimi_machi
20,20363,諏訪郡原村,suwa_gun_hara_mura
20,20382,上伊那郡辰野町,kamiina_gun_tatsuno_machi
20,20383,上伊那郡箕輪町,kamiina_gun_minowa_machi
20,20384,上伊那郡飯島町,kamiina_gun_iijima_machi
20,20385,上伊那郡南箕輪村,kamiina_gun_minamiminowa_mura
20,20388,上伊那郡宮田村,kamiina_gun_miyada_mura
20,20402,下伊那郡松川町,shimoina_gun_matsukawa_machi
20,20403,下伊那郡高森町,shimoina_gun_takamori_machi
20,20407,下伊那郡阿智村,shimoina_gun_achi_mura
20,20411,下伊那郡下條村,shimoina_gun_shimojo_mura
20,20415,下伊那郡喬木村,shimoina_gun_takagi_mura
20,20416,下伊那郡豊丘村,shimoina_gun_toyoka_mura
20,20423,木曽郡南木曽町,kiso_gun_nagiso_machi
20,20432,木曽郡木曽町,kiso_gun_kiso_machi
20,20450,東筑摩郡山形村,higashichikuma_gun_yamagata_mura
20,20451,東筑摩郡朝日村,higashichikuma_gun_asahi_mura
20,20481,北安曇郡池田町,kitaazumi_gun_ikeda_machi
20,20482,北安曇郡松川村,kitaazumi_gun_matsukawa_mura
20,20485,北安曇郡白馬村,kitaazumi_gun_hakuba_mura
20,20521,埴科郡坂城町,hanishina_gun_sakaki_machi
20,20541,上高井郡小布施町,kamitakai_gun_obuse_machi
20,20543,上高井郡高山村,kamitakai_gun_takayama_mura
20,20561,下高井郡山ノ内町,shimotakai_gun_yamanochi_machi
20,20562,下高井郡木島平村,shimotakai_gun_kijimadaira_mura
20,20583,上水内郡信濃町,kamiminochi_gun_shinano_machi
20,20590,上水内郡飯綱町,kamiminochi_gun_iizuna_machi
21,21201,岐阜市,gifu_shi
21,21202,大垣市,ogaki_shi
21,21203,高山市,takayama_shi
21,21204,多治見市,tajimi_shi
21,21205,関市,seki_shi
21,21206,中津川市,nakatsugawa_shi
21,21207,美濃市,mino_shi
21,21208,瑞浪市,mizunami_shi
21,21209,羽島市,hashima_shi
21,21210,恵那市,ena_shi
21,21211,美濃加茂市,minokamo_shi
21,21212,土岐市,toki_shi
21,21213,各務原市,kakamigahara_shi
21,21214,可児市,kani_shi
21,21215,山県市,gifu_yamagata_shi
21,21216,瑞穂市,mizuho_shi
21,21217,飛騨市,hida_shi
21,21218,本巣市,motosu_shi
21,21219,郡上市,gujo_shi
21,21220,下呂市,gero_shi
21,21221,海津市,kaizu_shi
21,21302,羽島郡岐南町,hashima_gun_ginan_cho
21,21303,羽島郡笠松町,hashima_gun_kasamatsu_cho
21,21341,養老郡養老町,yoro_gun_yoro_cho
21,21361,不破郡垂井町,fuwa_gun_tarui_cho
21,21362,不破郡関ケ原町,fuwa_gun_sekigahara_cho
21,21381,安八郡神戸町,ampachi_gun_godo_cho
21,21382,安八郡輪之内町,ampachi_gun_wanochi_cho
21,21383,安八郡安八町,ampachi_gun_ampachi_cho
21,21401,揖斐郡揖斐川町,ibi_gun_ibigawa_cho
21,21403,揖斐郡大野町,ibi_gun_ono_cho
21,21404,揖斐郡池田町,ibi_gun_ikeda_cho
21,21421,本巣郡北方町,motosu_gun_kitagata_cho
21,21501,加茂郡坂祝町,kamo_gun_sakahogi_cho
21,21502,加茂郡富加町,kamo_gun_tomika_cho
21,21503,加茂郡川辺町,kamo_gun_kawabe_cho
21,21505,加茂郡八百津町,kamo_gun_yaotsu_cho
21,21506,加茂郡白川町,kamo_gun_shirakawa_cho
21,21521,可児郡御嵩町,kani_gun_mitake_cho
22,22101,静岡市葵区,shizuoka_shi_aoi_ku
22,22102,静岡市駿河区,shizuoka_shi_suruga_ku
22,22103,静岡市清水区,shizuoka_shi_shimizu_ku
22,22131,浜松市中区,hamamatsu_shi_naka_ku
22,22132,浜松市東区,hamamatsu_shi_higashi_ku
22,22133,浜松市西区,hamamatsu_shi_nishi_ku
22,22134,浜松市南区,hamamatsu_shi_minami_ku
22,22135,浜松市北区,hamamatsu_shi_kita_ku
22,22136,浜松市浜北区,hamamatsu_shi_hamakita_ku
22,22137,浜松市天竜区,hamamatsu_shi_tenryu_ku
22,22203,沼津市,numazu_shi
22,22205,熱海市,atami_shi
22,22206,三島市,mishima_shi
22,22207,富士宮市,fujinomiya_shi
22,22208,伊東市,ito_shi
22,22209,島田市,shimada_shi
22,22210,富士市,fuji_shi
22,22211,磐田市,iwata_shi
22,22212,焼津市,yaizu_shi
22,22213,掛川市,kakegawa_shi
22,22214,藤枝市,fujieda_shi
22,22215,御殿場市,gotemba_shi
22,22216,袋井市,fukuroi_shi
22,22219,下田市,shimoda_shi
22,22220,裾野市,susono_shi
22,22221,湖西市,kosai_shi
22,22222,伊豆市,izu_shi
22,22223,御前崎市,omaezaki_shi
22,22224,菊川市,kikugawa_shi
22,22225,伊豆の国市,izunokuni_shi
22,22226,牧之原市,makinohara_shi
22,22301,賀茂郡東伊豆町,kamo_gun_higashiizu_cho
22,22302,賀茂郡河津町,kamo_gun_kawazu_cho
22,22304,賀茂郡南伊豆町,kamo_gun_minamiizu_cho
22,22305,賀茂郡松崎町,kamo_gun_matsuzaki_cho
22,22306,賀茂郡西伊豆町,kamo_gun_nishiizu_cho
22,22325,田方郡函南町,tagata_gun_kannami_cho
22,22341,駿東郡清水町,sunto_gun_shimizu_cho
22,22342,駿東郡長泉町,sunto_gun_nagaizumi_cho
22,22344,駿東郡小山町,sunto_gun_oyama_cho
22,22424,榛原郡吉田町,haibara_gun_yoshida_cho
22,22461,周智郡森町,shuchi_gun_mori_machi
23,23101,名古屋市千種区,nagoya_shi_chikusa_ku
23,23102,名古屋市東区,nagoya_shi_higashi_ku
23,23103,名古屋市北区,nagoya_shi_kita_ku
23,23104,名古屋市西区,nagoya_shi_nishi_ku
23,23105,名古屋市中村区,nagoya_shi_nakamura_ku
23,23106,名古屋市中区,nagoya_shi_naka_ku
23,23107,名古屋市昭和区,nagoya_shi_showa_ku
23,23108,名古屋市瑞穂区,nagoya_shi_mizuho_ku
23,23109,名古屋市熱田区,nagoya_shi_atsuta_ku
23,23110,名古屋市中川区,nagoya_shi_nakagawa_ku
23,23111,名古屋市港区,nagoya_shi_minato_ku
23,23112,名古屋市南区,nagoya_shi_minami_ku
23,23113,名古屋市守山区,nagoya_shi_moriyama_ku
23,23114,名古屋市緑区,nagoya_shi_midori_ku
23,23115,名古屋市名東区,nagoya_shi_meito_ku
23,23116,名古屋市天白区,nagoya_shi_tempaku_ku
23,23201,豊橋市,toyohashi_shi
23,23202,岡崎市,okazaki_shi
23,23203,一宮市,ichinomiya_shi
23,23204,瀬戸市,seto_shi
23,23205,半田市,handa_shi
23,23206,春日井市,kasugai_shi
23,23207,豊川市,toyokawa_shi
23,23208,津島市,aichi_tsushima_shi
23,23209,碧南市,hekinan_shi
23,23210,刈谷市,kariya_shi
23,23211,豊田市,toyota_shi
23,23212,安城市,anjo_shi
23,23213,西尾市,nishio_shi
23,23214,蒲郡市,gamagori_shi
23,23215,犬山市,inuyama_shi
23,23216,常滑市,tokoname_shi
23,23217,江南市,aichi_konan_shi
23,23219,小牧市,komaki_shi
23,23220,稲沢市,inazawa_shi
23,23221,新城市,shinshiro_shi
23,23222,東海市,tokai_shi
23,23223,大府市,obu_shi
23,23224,知多市,chita_shi
23,23225,知立市,chiryu_shi
23,23226,尾張旭市,owariasahi_shi
23,23227,高浜市,takahama_shi
23,23228,岩倉市,iwakura_shi
23,23229,豊明市,toyoake_shi
23,23230,日進市,nisshin_shi
23,23231,田原市,tahara_shi
23,23232,愛西市,aisai_shi
23,23233,清須市,kiyosu_shi
23,23234,北名古屋市,kitanagoya_shi
23,23235,弥富市,yatomi_shi
23,23236,みよし市,aichi_miyoshi_shi
23,23237,あま市,ama_shi
23,23238,長久手市,nagakute_shi
23,23302,愛知郡東郷町,aichi_gun_togo_cho
23,23342,西春日井郡豊山町,nishikasugai_gun_toyoyama_cho
23,23361,丹羽郡大口町,niwa_gun_oguchi_cho
23,23362,丹羽郡扶桑町,niwa_gun_fuso_cho
23,23424,海部郡大治町,ama_gun_oharu_cho
23,23425,海部郡蟹江町,ama_gun_kanie_cho
23,23427,海部郡飛島村,ama_gun_tobishima_mura
23,23441,知多郡阿久比町,chita_gun_agui_cho
23,23442,知多郡東浦町,chita_gun_higashiura_cho
23,23445,知多郡南知多町,chita_gun_minamichita_cho
23,23446,知多郡美浜町,chita_gun_mihama_cho
23,23447,知多郡武豊町,chita_gun_taketoyo_cho
23,23501,額田郡幸田町,nukata_gun_kota_cho
24,24201,津市,tsu_shi
24,24202,四日市市,yokkaichi_shi
24,24203,伊勢市,ise_shi
24,24204,松阪市,matsusaka_shi
24,24205,桑名市,kuwana_shi
24,24207,鈴鹿市,suzuka_shi
24,24208,名張市,nabari_shi
24,24210,亀山市,kameyama_shi
24,24211,鳥羽市,toba_shi
24,24214,いなべ市,inabe_shi
24,24215,志摩市,shima_shi
24,24216,伊賀市,iga_shi
24,24303,桑名郡木曽岬町,kuwana_gun_kisosaki_cho
24,24324,員弁郡東員町,inabe_gun_toin_cho
24,24341,三重郡菰野町,mie_gun_komono_cho
24,24343,三重郡朝日町,mie_gun_asahi_cho
24,24344,三重郡川越町,mie_gun_kawagoe_cho
24,24441,多気郡多気町,taki_gun_taki_cho
24,24442,多気郡明和町,taki_gun_meiwa_cho
24,24443,多気郡大台町,taki_gun_odai_cho
24,24461,度会郡玉城町,watarai_gun_tamaki_cho
24,24470,度会郡度会町,watarai_gun_watarai_cho
24,24471,度会郡大紀町,watarai_gun_taiki_cho
24,24562,南牟婁郡紀宝町,minamimuro_gun_kiho_cho
25,25201,大津市,otsu_shi
25,25202,彦根市,hikone_shi
25,25203,長浜市,nagahama_shi
25,25204,近江八幡市,omihachiman_shi
25,25206,草津市,kusatsu_shi
25,25207,守山市,moriyama_shi
25,25208,栗東市,ritto_shi
25,25209,甲賀市,koka_shi
25,25210,野洲市,yasu_shi
25,25211,湖南市,shiga_konan_shi
25,25212,高島市,takashima_shi
25,25213,東近江市,higashiomi_shi
25,25214,米原市,maibara_shi
25,25383,蒲生郡日野町,gamo_gun_hino_cho
25,25384,蒲生郡竜王町,gamo_gun_ryuo_cho
25,25425,愛知郡愛荘町,echi_gun_aisho_cho
25,25441,犬上郡豊郷町,inukami_gun_toyosato_cho
25,25442,犬上郡甲良町,inukami_gun_kora_cho
25,25443,犬上郡多賀町,inukami_gun_taga_cho
26,26101,京都市北区,kyoto_shi_kita_ku
26,26102,京都市上京区,kyoto_shi_kamigyo_ku
26,26103,京都市左京区,kyoto_shi_sakyo_ku
26,26104,京都市中京区,kyoto_shi_nakagyo_ku
26,26105,京都市東山区,kyoto_shi_higashiyama_ku
26,26106,京都市下京区,kyoto_shi_shimogyo_ku
26,26107,京都市南区,kyoto_shi_minami_ku
26,26108,京都市右京区,kyoto_shi_ukyo_ku
26,26109,京都市伏見区,kyoto_shi_fushimi_ku
26,26110,京都市山科区,kyoto_shi_yamashina_ku
26,26111,京都市西京区,kyoto_shi_nishikyo_ku
26,26201,福知山市,fukuchiyama_shi
26,26202,舞鶴市,maizuru_shi
26,26203,綾部市,ayabe_shi
26,26204,宇治市,uji_shi
26,26205,宮津市,miyazu_shi
26,26206,亀岡市,kameoka_shi
26,26207,城陽市,joyo_shi
26,26208,向日市,muko_shi
26,26209,長岡京市,nagaokakyo_shi
26,26210,八幡市,yawata_shi
26,26211,京田辺市,kyotanabe_shi
26,26212,京丹後市,kyotango_shi
26,26213,南丹市,nantan_shi
26,26214,木津川市,kizugawa_shi
26,26303,乙訓郡大山崎町,otokuni_gun_oyamazaki_cho
26,26322,久世郡久御山町,kuse_gun_kumiyama_cho
26,26343,綴喜郡井手町,tsuzuki_gun_ide_cho
26,26344,綴喜郡宇治田原町,tsuzuki_gun_ujitawara_cho
26,26366,相楽郡精華町,soraku_gun_seika_cho
26,26407,船井郡京丹波町,funai_gun_kyotamba_cho
26,26465,与謝郡与謝野町,yosa_gun_yosano_cho
27,27102,大阪市都島区,osaka_shi_miyakojima_ku
27,27103,大阪市福島区,osaka_shi_fukushima_ku
27,27104,大阪市此花区,osaka_shi_konohana_ku
27,27106,大阪市西区,osaka_shi_nishi_ku
27,27107,大阪市港区,osaka_shi_minato_ku
27,27108,大阪市大正区,osaka_shi_taisho_ku
27,27109,大阪市天王寺区,osaka_shi_tennoji_ku
27,27111,大阪市浪速区,osaka_shi_naniwa_ku
27,27113,大阪市西淀川区,osaka_shi_nishiyodogawa_ku
27,27114,大阪市東淀川区,osaka_shi_higashiyodogawa_ku
27,27115,大阪市東成区,osaka_shi_higashinari_ku
27,27116,大阪市生野区,osaka_shi_ikuno_ku
27,27117,大阪市旭区,osaka_shi_asahi_ku
27,27118,大阪市城東区,osaka_shi_joto_ku
27,27119,大阪市阿倍野区,osaka_shi_abeno_ku
27,27120,大阪市住吉区,osaka_shi_sumiyoshi_ku
27,27121,大阪市東住吉区,osaka_shi_higashisumiyoshi_ku
27,27122,大阪市西成区,osaka_shi_nishinari_ku
27,27123,大阪市淀川区,osaka_shi_yodogawa_ku
27,27124,大阪市鶴見区,osaka_shi_tsurumi_ku
27,27125,大阪市住之江区,osaka_shi_suminoe_ku
27,27126,大阪市平野区,osaka_shi_hirano_ku
27,27127,大阪市北区,osaka_shi_kita_ku
27,27128,大阪市中央区,osaka_shi_chuo_ku
27,27141,堺市堺区,sakai_shi_sakai_ku
27,27142,堺市中区,sakai_shi_naka_ku
27,27143,堺市東区,sakai_shi_higashi_ku
27,27144,堺市西区,sakai_shi_nishi_ku
27,27145,堺市南区,sakai_shi_minami_ku
27,27146,堺市北区,sakai_shi_kita_ku
27,27147,堺市美原区,sakai_shi_mihara_ku
27,27202,岸和田市,kishiwada_shi
27,27203,豊中市,toyonaka_shi
27,27204,池田市,ikeda_shi
27,27205,吹田市,suita_shi
27,27206,泉大津市,izumiotsu_shi
27,27207,高槻市,takatsuki_shi
27,27208,貝塚市,kaizuka_shi
27,27209,守口市,moriguchi_shi
27,27210,枚方市,hirakata_shi
27,27211,茨木市,ibaraki_shi
27,27212,八尾市,yao_shi
27,27213,泉佐野市,izumisano_shi
27,27214,富田林市,tondabayashi_shi
27,27215,寝屋川市,neyagawa_shi
27,27216,河内長野市,kawachinagano_shi
27,27217,松原市,matsubara_shi
27,27218,大東市,daito_shi
27,27219,和泉市,izumi_shi
27,27220,箕面市,osaka_mino_shi
27,27221,柏原市,kashiwara_shi
27,27222,羽曳野市,habikino_shi
27,27223,門真市,kadoma_shi
27,27224,摂津市,settsu_shi
27,27225,高石市,takaishi_shi
27,27226,藤井寺市,fujiidera_shi
27,27227,東大阪市,higashiosaka_shi
27,27228,泉南市,sennan_shi
27,27229,四條畷市,shijonawate_shi
27,27230,交野市,katano_shi
27,27231,大阪狭山市,osakasayama_shi
27,27232,阪南市,hannan_shi
27,27301,三島郡島本町,mishima_gun_shimamoto_cho
27,27321,豊能郡豊能町,toyono_gun_toyono_cho
27,27322,豊能郡能勢町,toyono_gun_nose_cho
27,27341,泉北郡忠岡町,semboku_gun_tadaoka_cho
27,27361,泉南郡熊取町,sennan_gun_kumatori_cho
27,27362,泉南郡田尻町,sennan_gun_tajiri_cho
27,27366,泉南郡岬町,sennan_gun_misaki_cho
27,27381,南河内郡太子町,minamikawachi_gun_taishi_cho
27,27382,南河内郡河南町,minamikawachi_gun_kanan_cho
28,28101,神戸市東灘区,kobe_shi_higashinada_ku
28,28102,神戸市灘区,kobe_shi_nada_ku
28,28105,神戸市兵庫区,kobe_shi_hyogo_ku
28,28106,神戸市長田区,kobe_shi_nagata_ku
28,28107,神戸市須磨区,kobe_shi_suma_ku
28,28108,神戸市垂水区,kobe_shi_tarumi_ku
28,28109,神戸市北区,kobe_shi_kita_ku
28,28110,神戸市中央区,kobe_shi_chuo_ku
28,28111,神戸市西区,kobe_shi_nishi_ku
28,28201,姫路市,himeji_shi
28,28202,尼崎市,amagasaki_shi
28,28203,明石市,akashi_shi
28,28204,西宮市,nishinomiya_shi
28,28205,洲本市,sumoto_shi
28,28206,芦屋市,ashiya_shi
28,28207,伊丹市,itami_shi
28,28208,相生市,aioi_shi
28,28209,豊岡市,toyoka_shi
28,28210,加古川市,kakogawa_shi
28,28212,赤穂市,ako_shi
28,28213,西脇市,nishiwaki_shi
28,28214,宝塚市,takarazuka_shi
28,28215,三木市,miki_shi
28,28216,高砂市,takasago_shi
28,28217,川西市,kawanishi_shi
28,28218,小野市,hyogo_ono_shi
28,28219,三田市,sanda_shi
28,28220,加西市,kasai_shi
28,28221,篠山市,sasayama_shi
28,28222,養父市,yabu_shi
28,28223,丹波市,tamba_shi
28,28224,南あわじ市,minamiawaji_shi
28,28225,朝来市,asago_shi
28,28226,淡路市,awaji_shi
28,28227,宍粟市,shiso_shi
28,28228,加東市,kato_shi
28,28229,たつの市,tatsuno_shi
28,28301,川辺郡猪名川町,kawabe_gun_inagawa_cho
28,28365,多可郡多可町,taka_gun_taka_cho
28,28381,加古郡稲美町,kako_gun_inami_cho
28,28382,加古郡播磨町,kako_gun_harima_cho
28,28442,神崎郡市川町,kanzaki_gun_ichikawa_cho
28,28443,神崎郡福崎町,kanzaki_gun_fukusaki_cho
28,28446,神崎郡神河町,kanzaki_gun_kamikawa_cho
28,28464,揖保郡太子町,ibo_gun_taishi_cho
28,28481,赤穂郡上郡町,ako_gun_kamigori_cho
28,28501,佐用郡佐用町,sayo_gun_sayo_cho
28,28586,美方郡新温泉町,mikata_gun_shinonsen_cho
29,29201,奈良市,nara_shi
29,29202,大和高田市,yamatotakada_shi
29,29203,大和郡山市,yamatokoriyama_shi
29,29204,天理市,tenri_shi
29,29205,橿原市,kashihara_shi
29,29206,桜井市,sakurai_shi
29,29207,五條市,gojo_shi
29,29208,御所市,gose_shi
29,29209,生駒市,ikoma_shi
29,29210,香芝市,kashiba_shi
29,29211,葛城市,katsuragi_shi
29,29212,宇陀市,uda_shi
29,29342,生駒郡平群町,ikoma_gun_heguri_cho
29,29343,生駒郡三郷町,ikoma_gun_sango_cho
29,29344,生駒郡斑鳩町,ikoma_gun_ikaruga_cho
29,29345,生駒郡安堵町,ikoma_gun_ando_cho
29,29361,磯城郡川西町,shiki_gun_kawanishi_cho
29,29362,磯城郡三宅町,shiki_gun_miyake_cho
29,29363,磯城郡田原本町,shiki_gun_tawaramoto_cho
29,29385,宇陀郡曽爾村,uda_gun_soni_mura
29,29401,高市郡高取町,takaichi_gun_takatori_cho
29,29402,高市郡明日香村,takaichi_gun_asuka_mura
29,29424,北葛城郡上牧町,kitakatsuragi_gun_kammaki_cho
29,29425,北葛城郡王寺町,kitakatsuragi_gun_oji_cho
29,29426,北葛城郡広陵町,kitakatsuragi_gun_koryo_cho
29,29427,北葛城郡河合町,kitakatsuragi_gun_kawai_cho
29,29441,吉野郡吉野町,yoshino_gun_yoshino_cho
29,29442,吉野郡大淀町,yoshino_gun_oyodo_cho
29,29443,吉野郡下市町,yoshino_gun_shimoichi_cho
30,30201,和歌山市,wakayama_shi
30,30202,海南市,kainan_shi
30,30203,橋本市,hashimoto_shi
30,30204,有田市,arida_shi
30,30205,御坊市,gobo_shi
30,30206,田辺市,tanabe_shi
30,30207,新宮市,shingu_shi
30,30208,紀の川市,kinokawa_shi
30,30209,岩出市,iwade_shi
30,30304,海草郡紀美野町,kaiso_gun_kimino_cho
30,30341,伊都郡かつらぎ町,ito_gun_katsuragi_cho
30,30343,伊都郡九度山町,ito_gun_kudoyama_cho
30,30344,伊都郡高野町,ito_gun_koya_cho
30,30361,有田郡湯浅町,arida_gun_yuasa_cho
30,30362,有田郡広川町,arida_gun_hirogawa_cho
30,30366,有田郡有田川町,arida_gun_aridagawa_cho
30,30381,日高郡美浜町,hidaka_gun_mihama_cho
30,30382,日高郡日高町,hidaka_gun_hidaka_cho
30,30383,日高郡由良町,hidaka_gun_yura_cho
30,30390,日高郡印南町,hidaka_gun_inami_cho
30,30391,日高郡みなべ町,hidaka_gun_minabe_cho
30,30392,日高郡日高川町,hidaka_gun_hidakagawa_cho
30,30401,西牟婁郡白浜町,nishimuro_gun_shirahama_cho
30,30404,西牟婁郡上富田町,nishimuro_gun_kamitonda_cho
30,30406,西牟婁郡すさみ町,nishimuro_gun_susami_cho
30,30421,東牟婁郡那智勝浦町,higashimuro_gun_nachikatsura_cho
30,30422,東牟婁郡太地町,higashimuro_gun_taiji_cho
31,31201,鳥取市,tottori_shi
31,31202,米子市,yonago_shi
31,31203,倉吉市,kurayoshi_shi
31,31204,境港市,sakaiminato_shi
31,31302,岩美郡岩美町,iwami_gun_iwami_cho
31,31328,八頭郡智頭町,yazu_gun_chizu_cho
31,31329,八頭郡八頭町,yazu_gun_yazu_cho
31,31370,東伯郡湯梨浜町,tohaku_gun_yurihama_cho
31,31371,東伯郡琴浦町,tohaku_gun_kotora_cho
31,31372,東伯郡北栄町,tohaku_gun_hokuei_cho
31,31384,西伯郡日吉津村,saihaku_gun_hiezu_son
31,31386,西伯郡大山町,saihaku_gun_daisen_cho
31,31389,西伯郡南部町,saihaku_gun_nambu_cho
31,31390,西伯郡伯耆町,saihaku_gun_hoki_cho
32,32201,松江市,matsue_shi
32,32202,浜田市,hamada_shi
32,32203,出雲市,izumo_shi
32,32204,益田市,masuda_shi
32,32205,大田市,oda_shi
32,32206,安来市,yasugi_shi
32,32207,江津市,gotsu_shi
32,32209,雲南市,unnan_shi
32,32501,鹿足郡津和野町,kanoashi_gun_tsuwano_cho
33,33101,岡山市北区,okayama_shi_kita_ku
33,33102,岡山市中区,okayama_shi_naka_ku
33,33103,岡山市東区,okayama_shi_higashi_ku
33,33104,岡山市南区,okayama_shi_minami_ku
33,33202,倉敷市,kurashiki_shi
33,33203,津山市,tsuyama_shi
33,33204,玉野市,tamano_shi
33,33205,笠岡市,kasaoka_shi
33,33207,井原市,ibara_shi
33,33208,総社市,soja_shi
33,33209,高梁市,takahashi_shi
33,33210,新見市,niimi_shi
33,33211,備前市,bizen_shi
33,33212,瀬戸内市,setochi_shi
33,33213,赤磐市,akaiwa_shi
33,33214,真庭市,maniwa_shi
33,33215,美作市,mimasaka_shi
33,33216,浅口市,asakuchi_shi
33,33346,和気郡和気町,wake_gun_wake_cho
33,33423,都窪郡早島町,tsukubo_gun_hayashima_cho
33,33445,浅口郡里庄町,asakuchi_gun_satosho_cho
33,33461,小田郡矢掛町,oda_gun_yakage_cho
33,33606,苫田郡鏡野町,tomata_gun_kagamino_cho
33,33622,勝田郡勝央町,katsuta_gun_shoo_cho
33,33666,久米郡美咲町,kume_gun_misaki_cho
34,34101,広島市中区,hiroshima_shi_naka_ku
34,34102,広島市東区,hiroshima_shi_higashi_ku
34,34103,広島市南区,hiroshima_shi_minami_ku
34,34104,広島市西区,hiroshima_shi_nishi_ku
34,34105,広島市安佐南区,hiroshima_shi_asaminami_ku
34,34106,広島市安佐北区,hiroshima_shi_asakita_ku
34,34107,広島市安芸区,hiroshima_shi_aki_ku
34,34108,広島市佐伯区,hiroshima_shi_saeki_ku
34,34202,呉市,kure_shi
34,34203,竹原市,takehara_shi
34,34204,三原市,mihara_shi
34,34205,尾道市,onomichi_shi
34,34207,福山市,fukuyama_shi
34,34208,府中市,hiroshima_fuchu_shi
34,34209,三次市,hiroshima_miyoshi_shi
34,34210,庄原市,shobara_shi
34,34211,大竹市,otake_shi
34,34212,東広島市,higashihiroshima_shi
34,34213,廿日市市,hatsukaichi_shi
34,34214,安芸高田市,akitakata_shi
34,34215,江田島市,etajima_shi
34,34302,安芸郡府中町,aki_gun_fuchu_cho
34,34304,安芸郡海田町,aki_gun_kaita_cho
34,34307,安芸郡熊野町,aki_gun_kumano_cho
34,34309,安芸郡坂町,aki_gun_saka_cho
34,34369,山県郡北広島町,yamagata_gun_kitahiroshima_cho
34,34462,世羅郡世羅町,sera_gun_sera_cho
34,34545,神石郡神石高原町,jinseki_gun_jinsekikogen_cho
35,35201,下関市,shimonoseki_shi
35,35202,宇部市,ube_shi
35,35203,山口市,yamaguchi_shi
35,35204,萩市,hagi_shi
35,35206,防府市,hofu_shi
35,35207,下松市,kudamatsu_shi
35,35208,岩国市,iwakuni_shi
35,35210,光市,hikari_shi
35,35211,長門市,nagato_shi
35,35212,柳井市,yanai_shi
35,35213,美祢市,mine_shi
35,35215,周南市,shunan_shi
35,35216,山陽小野田市,sanyoonoda_shi
35,35305,大島郡周防大島町,oshima_gun_suooshima_cho
35,35321,玖珂郡和木町,kuga_gun_waki_cho
35,35343,熊毛郡田布施町,kumage_gun_tabuse_cho
35,35344,熊毛郡平生町,kumage_gun_hirao_cho
36,36201,徳島市,tokushima_shi
36,36202,鳴門市,naruto_shi
36,36203,小松島市,komatsushima_shi
36,36204,阿南市,anan_shi
36,36205,吉野川市,yoshinogawa_shi
36,36206,阿波市,awa_shi
36,36207,美馬市,mima_shi
36,36208,三好市,tokushima_miyoshi_shi
36,36341,名西郡石井町,myozai_gun_ishii_cho
36,36388,海部郡海陽町,kaifu_gun_kaiyo_cho
36,36401,板野郡松茂町,itano_gun_matsushige_cho
36,36402,板野郡北島町,itano_gun_kitajima_cho
36,36403,板野郡藍住町,itano_gun_aizumi_cho
36,36404,板野郡板野町,itano_gun_itano_cho
36,36405,板野郡上板町,itano_gun_kamiita_cho
36,36468,美馬郡つるぎ町,mima_gun_tsurugi_cho
36,36489,三好郡東みよし町,miyoshi_gun_higashimiyoshi_cho
37,37201,高松市,takamatsu_shi
37,37202,丸亀市,marugame_shi
37,37203,坂出市,sakaide_shi
37,37204,善通寺市,zentsuji_shi
37,37205,観音寺市,kanonji_shi
37,37206,さぬき市,sanuki_shi
37,37207,東かがわ市,higashikagawa_shi
37,37208,三豊市,mitoyo_shi
37,37341,木田郡三木町,kita_gun_miki_cho
37,37386,綾歌郡宇多津町,ayauta_gun_utazu_cho
37,37387,綾歌郡綾川町,ayauta_gun_ayagawa_cho
37,37403,仲多度郡琴平町,nakatado_gun_kotohira_cho
37,37404,仲多度郡多度津町,nakatado_gun_tadotsu_cho
37,37406,仲多度郡まんのう町,nakatado_gun_manno_cho
38,38201,松山市,matsuyama_shi
38,38202,今治市,imabari_shi
38,38203,宇和島市,uwajima_shi
38,38204,八幡浜市,yawatahama_shi
38,38205,新居浜市,niihama_shi
38,38206,西条市,saijo_shi
38,38207,大洲市,ozu_shi
38,38210,伊予市,iyo_shi
38,38213,四国中央市,shikokuchuo_shi
38,38214,西予市,seiyo_shi
38,38215,東温市,toon_shi
38,38401,伊予郡松前町,iyo_gun_masaki_cho
38,38402,伊予郡砥部町,iyo_gun_tobe_cho
38,38422,喜多郡内子町,kita_gun_uchiko_cho
38,38442,西宇和郡伊方町,nishiuwa_gun_ikata_cho
38,38488,北宇和郡鬼北町,kitauwa_gun_kihoku_cho
38,38506,南宇和郡愛南町,minamiuwa_gun_ainan_cho
39,39201,高知市,kochi_shi
39,39203,安芸市,aki_shi
39,39204,南国市,nankoku_shi
39,39205,土佐市,tosa_shi
39,39206,須崎市,susaki_shi
39,39208,宿毛市,sukumo_shi
39,39210,四万十市,shimanto_shi
39,39211,香南市,kochi_konan_shi
39,39212,香美市,kami_shi
39,39303,安芸郡田野町,aki_gun_tano_cho
39,39386,吾川郡いの町,agawa_gun_ino_cho
39,39402,高岡郡佐川町,takaoka_gun_sakawa_cho
39,39410,高岡郡日高村,takaoka_gun_hidaka_mura
39,39424,幡多郡大月町,hata_gun_otsuki_cho
39,39428,幡多郡黒潮町,hata_gun_kuroshio_cho
40,40101,北九州市門司区,kitakyushu_shi_moji_ku
40,40103,北九州市若松区,kitakyushu_shi_wakamatsu_ku
40,40105,北九州市戸畑区,kitakyushu_shi_tobata_ku
40,40106,北九州市小倉北区,kitakyushu_shi_kokurakita_ku
40,40107,北九州市小倉南区,kitakyushu_shi_kokuraminami_ku
40,40108,北九州市八幡東区,kitakyushu_shi_yahatahigashi_ku
40,40109,北九州市八幡西区,kitakyushu_shi_yahatanishi_ku
40,40131,福岡市東区,fukuoka_shi_higashi_ku
40,40132,福岡市博多区,fukuoka_shi_hakata_ku
40,40133,福岡市中央区,fukuoka_shi_chuo_ku
40,40134,福岡市南区,fukuoka_shi_minami_ku
40,40135,福岡市西区,fukuoka_shi_nishi_ku
40,40136,福岡市城南区,fukuoka_shi_jonan_ku
40,40137,福岡市早良区,fukuoka_shi_sawara_ku
40,40202,大牟田市,omuta_shi
40,40203,久留米市,kurume_shi
40,40204,直方市,nogata_shi
40,40205,飯塚市,iizuka_shi
40,40206,田川市,tagawa_shi
40,40207,柳川市,yanagawa_shi
40,40210,八女市,yame_shi
40,40211,筑後市,chikugo_shi
40,40212,大川市,okawa_shi
40,40213,行橋市,yukuhashi_shi
40,40214,豊前市,buzen_shi
40,40215,中間市,nakama_shi
40,40216,小郡市,ogori_shi
40,40217,筑紫野市,chikushino_shi
40,40218,春日市,kasuga_shi
40,40219,大野城市,onojo_shi
40,40220,宗像市,munakata_shi
40,40221,太宰府市,dazaifu_shi
40,40223,古賀市,fukuoka_koga_shi
40,40224,福津市,fukutsu_shi
40,40225,うきは市,ukiha_shi
40,40226,宮若市,miyawaka_shi
40,40227,嘉麻市,kama_shi
40,40228,朝倉市,asakura_shi
40,40229,みやま市,miyama_shi
40,40230,糸島市,itoshima_shi
40,40305,筑紫郡那珂川町,chikushi_gun_nakagawa_machi
40,40341,糟屋郡宇美町,kasuya_gun_umi_machi
40,40342,糟屋郡篠栗町,kasuya_gun_sasaguri_machi
40,40343,糟屋郡志免町,kasuya_gun_shime_machi
40,40344,糟屋郡須惠町,kasuya_gun_sue_machi
40,40345,糟屋郡新宮町,kasuya_gun_shingu_machi
40,40348,糟屋郡久山町,kasuya_gun_hisayama_machi
40,40349,糟屋郡粕屋町,kasuya_gun_kasuya_machi
40,40381,遠賀郡芦屋町,onga_gun_ashiya_machi
40,40382,遠賀郡水巻町,onga_gun_mizumaki_machi
40,40383,遠賀郡岡垣町,onga_gun_okagaki_machi
40,40384,遠賀郡遠賀町,onga_gun_onga_cho
40,40401,鞍手郡小竹町,kurate_gun_kotake_machi
40,40402,鞍手郡鞍手町,kurate_gun_kurate_machi
40,40421,嘉穂郡桂川町,kaho_gun_keisen_machi
40,40447,朝倉郡筑前町,asakura_gun_chikuzen_machi
40,40448,朝倉郡東峰村,asakura_gun_toho_mura
40,40503,三井郡大刀洗町,mii_gun_tachiarai_machi
40,40522,三潴郡大木町,mizuma_gun_oki_machi
40,40544,八女郡広川町,yame_gun_hirokawa_machi
40,40601,田川郡香春町,tagawa_gun_kawara_machi
40,40605,田川郡川崎町,tagawa_gun_kawasaki_machi
40,40610,田川郡福智町,tagawa_gun_fukuchi_machi
40,40621,京都郡苅田町,miyako_gun_kanda_machi
40,40625,京都郡みやこ町,miyako_gun_miyako_machi
40,40642,築上郡吉富町,chikujo_gun_yoshitomi_machi
40,40647,築上郡築上町,chikujo_gun_chikujo_machi
41,41201,佐賀市,saga_shi
41,41202,唐津市,karatsu_shi
41,41203,鳥栖市,tosu_shi
41,41204,多久市,taku_shi
41,41205,伊万里市,imari_shi
41,41206,武雄市,takeo_shi
41,41207,鹿島市,saga_kashima_shi
41,41208,小城市,ogi_shi
41,41209,嬉野市,ureshino_shi
41,41210,神埼市,kanzaki_shi
41,41327,神埼郡吉野ヶ里町,kanzaki_gun_yoshinogari_cho
41,41341,三養基郡基山町,miyaki_gun_kiyama_cho
41,41345,三養基郡上峰町,miyaki_gun_kamimine_cho
41,41346,三養基郡みやき町,miyaki_gun_miyaki_cho
41,41401,西松浦郡有田町,nishimatsura_gun_arita_cho
41,41424,杵島郡江北町,kishima_gun_kohoku_machi
41,41425,杵島郡白石町,kishima_gun_shiroishi_cho
41,41441,藤津郡太良町,fujitsu_gun_tara_cho
42,42201,長崎市,nagasaki_shi
42,42202,佐世保市,sasebo_shi
42,42203,島原市,shimabara_shi
42,42204,諫早市,isahaya_shi
42,42205,大村市,omura_shi
42,42207,平戸市,hirado_shi
42,42208,松浦市,matsura_shi
42,42209,対馬市,tsushima_shi
42,42212,西海市,saikai_shi
42,42213,雲仙市,unzen_shi
42,42214,南島原市,minamishimabara_shi
42,42307,西彼杵郡長与町,nishisonogi_gun_nagayo_cho
42,42308,西彼杵郡時津町,nishisonogi_gun_togitsu_cho
42,42321,東彼杵郡東彼杵町,higashisonogi_gun_higashisonogi_cho
42,42322,東彼杵郡川棚町,higashisonogi_gun_kawatana_cho
42,42323,東彼杵郡波佐見町,higashisonogi_gun_hasami_cho
42,42391,北松浦郡佐々町,kitamatsura_gun_saza_cho
43,43101,熊本市中央区,kumamoto_shi_chuo_ku
43,43102,熊本市東区,kumamoto_shi_higashi_ku
43,43103,熊本市西区,kumamoto_shi_nishi_ku
43,43104,熊本市南区,kumamoto_shi_minami_ku
43,43105,熊本市北区,kumamoto_shi_kita_ku
43,43202,八代市,yatsushiro_shi
43,43203,人吉市,hitoyoshi_shi
43,43204,荒尾市,arao_shi
43,43205,水俣市,minamata_shi
43,43206,玉名市,tamana_shi
43,43208,山鹿市,yamaga_shi
43,43210,菊池市,kikuchi_shi
43,43211,宇土市,uto_shi
43,43212,上天草市,kamiamakusa_shi
43,43213,宇城市,uki_shi
43,43214,阿蘇市,aso_shi
43,43215,天草市,amakusa_shi
43,43216,合志市,koshi_shi
43,43367,玉名郡南関町,tamana_gun_nankan_machi
43,43368,玉名郡長洲町,tamana_gun_nagasu_machi
43,43369,玉名郡和水町,tamana_gun_nagomi_machi
43,43403,菊池郡大津町,kikuchi_gun_ozu_machi
43,43404,菊池郡菊陽町,kikuchi_gun_kikuyo_machi
43,43432,阿蘇郡西原村,aso_gun_nishihara_mura
43,43433,阿蘇郡南阿蘇村,aso_gun_minamiaso_mura
43,43441,上益城郡御船町,kamimashiki_gun_mifune_machi
43,43442,上益城郡嘉島町,kamimashiki_gun_kashima_machi
43,43443,上益城郡益城町,kamimashiki_gun_mashiki_machi
43,43444,上益城郡甲佐町,kamimashiki_gun_kosa_machi
43,43447,上益城郡山都町,kamimashiki_gun_yamato_cho
43,43468,八代郡氷川町,yatsushiro_gun_hikawa_cho
43,43482,葦北郡芦北町,ashikita_gun_ashikita_machi
43,43501,球磨郡錦町,kuma_gun_nishiki_machi
44,44201,大分市,oita_shi
44,44202,別府市,beppu_shi
44,44203,中津市,nakatsu_shi
44,44204,日田市,hita_shi
44,44205,佐伯市,saiki_shi
44,44206,臼杵市,usuki_shi
44,44207,津久見市,tsukumi_shi
44,44208,竹田市,taketa_shi
44,44209,豊後高田市,bungotakada_shi
44,44210,杵築市,kitsuki_shi
44,44211,宇佐市,usa_shi
44,44212,豊後大野市,bungoono_shi
44,44213,由布市,yufu_shi
44,44341,速見郡日出町,hayami_gun_hiji_machi
44,44461,玖珠郡九重町,kusu_gun_kokonoe_machi
45,45201,宮崎市,miyazaki_shi
45,45202,都城市,miyakonojo_shi
45,45203,延岡市,nobeoka_shi
45,45204,日南市,nichinan_shi
45,45205,小林市,kobayashi_shi
45,45206,日向市,hyuga_shi
45,45207,串間市,kushima_shi
45,45208,西都市,saito_shi
45,45209,えびの市,ebino_shi
45,45341,北諸県郡三股町,kitamorokata_gun_mimata_cho
45,45361,西諸県郡高原町,nishimorokata_gun_takaharu_cho
45,45382,東諸県郡国富町,higashimorokata_gun_kunitomi_cho
45,45401,児湯郡高鍋町,koyu_gun_takanabe_cho
45,45402,児湯郡新富町,koyu_gun_shintomi_cho
45,45405,児湯郡川南町,koyu_gun_kawaminami_cho
45,45421,東臼杵郡門川町,higashiusuki_gun_kadogawa_cho
46,46201,鹿児島市,kagoshima_shi
46,46203,鹿屋市,kanoya_shi
46,46204,枕崎市,makurazaki_shi
46,46208,出水市,kagoshima_izumi_shi
46,46210,指宿市,ibusuki_shi
46,46214,垂水市,tarumizu_shi
46,46215,薩摩川内市,satsumasendai_shi
46,46216,日置市,hioki_shi
46,46217,曽於市,so_shi
46,46218,霧島市,kirishima_shi
46,46219,いちき串木野市,ichikikushikino_shi
46,46220,南さつま市,minamisatsuma_shi
46,46221,志布志市,shibushi_shi
46,46222,奄美市,amami_shi
46,46223,南九州市,minamikyushu_shi
46,46224,伊佐市,isa_shi
46,46225,姶良市,aira_shi
46,46404,出水郡長島町,izumi_gun_nagashima_cho
46,46490,肝属郡錦江町,kimotsuki_gun_kinko_cho
46,46492,肝属郡肝付町,kimotsuki_gun_kimotsuki_cho
46,46527,大島郡龍郷町,oshima_gun_tatsugo_cho
46,46529,大島郡喜界町,oshima_gun_kikai_cho
47,47201,那覇市,naha_shi
47,47205,宜野湾市,ginowan_shi
47,47207,石垣市,ishigaki_shi
47,47208,浦添市,urasoe_shi
47,47209,名護市,nago_shi
47,47210,糸満市,itoman_shi
47,47211,沖縄市,okinawa_shi
47,47212,豊見城市,tomigusuku_shi
47,47213,うるま市,uruma_shi
47,47214,宮古島市,miyakojima_shi
47,47215,南城市,nanjo_shi
47,47306,国頭郡今帰仁村,kunigami_gun_nakijin_son
47,47308,国頭郡本部町,kunigami_gun_motobu_cho
47,47311,国頭郡恩納村,kunigami_gun_onna_son
47,47313,国頭郡宜野座村,kunigami_gun_ginoza_son
47,47314,国頭郡金武町,kunigami_gun_kin_cho
47,47324,中頭郡読谷村,nakagami_gun_yomitan_son
47,47325,中頭郡嘉手納町,nakagami_gun_kadena_cho
47,47326,中頭郡北谷町,nakagami_gun_chatan_cho
47,47327,中頭郡北中城村,nakagami_gun_kitanakagusuku_son
47,47328,中頭郡中城村,nakagami_gun_nakagusuku_son
47,47329,中頭郡西原町,nakagami_gun_nishihara_cho
47,47348,島尻郡与那原町,shimajiri_gun_yonabaru_cho
47,47350,島尻郡南風原町,shimajiri_gun_haebaru_cho
47,47354,島尻郡座間味村,shimajiri_gun_zamami_son
47,47362,島尻郡八重瀬町,shimajiri_gun_yaese_cho
47,47381,八重山郡竹富町,yaeyama_gun_taketomi_cho
